observation_id,observation_date,observation_time,observation_remark,patient_ssn,patient_firstName,patient_lastName,patient_country,patient_address1,patient_address2,patient_number1,patient_number2,patient_sex,patient_DOB,patient_DOD,patient_email,patient_height,patient_weight,patient_bloodType,patient_educationBackground,patient_occupation,hospital_id,hospital_name,hospital_address,hospital_number,hospital_email,practitioner_id,practitioner_firstName,practitioner_lastName,practitioner_address1,practitioner_address2,practitioner_number1,practitioner_number2,practitioner_checkIn,practitioner_checkOut,nurse_id,nurse_firstName,nurse_lastName,nurse_address1,nurse_address2,nurse_number1,nurse_checkIn,nurse_checkOut,medication_id,medication_name,medication_company,medication_level,medication_remark
4f4389fe-251a-46db-a491-ac80c4a3c82e,12/31/2044,1:20 PM,"Proin eu mi. Nulla ac enim. In tempor, turpis nec euismod scelerisque, quam turpis adipiscing lorem, vitae mattis nibh ligula nec sem.",430-50-7456,Idalia,Hallt,Indonesia,68489 Northridge Crossing,Suite 91,220-479-7693,505-712-6910,F,2/18/1991,13/02/2025,ihallt0@newsvine.com,5.2,104,A+,Bachelors,Full Time,01GR8W6HWN9H3RWVWGJ9BEEBCB,Lakin Inc,60767 Hoffman Hill,483-865-0493,ddallaghan0@businessweek.com,9c0806a4-3557-4fcc-80c1-a61644741096,Erskine,Gutteridge,095 Barby Alley,PO Box 2482,366-178-9382,889-927-6699,12:52 AM,9:47 PM,3d45eb7a-4953-48af-9ad5-675583aac9b0,Delilah,Issard,711 Carpenter Avenue,Apt 286,669-185-4158,2:00 AM,11:50 PM,4b796951-6841-4e34-a5d4-274653ddd12c,Levofloxacin,Jones Inc,9.6,"Phasellus in felis. Donec semper sapien a libero. Nam dui.

Proin leo odio, porttitor id, consequat in, consequat ut, nulla. Sed accumsan felis. Ut at dolor quis odio consequat varius."
d359deb3-7af5-4c59-bfc7-d1e071b7096c,12/30/2044,6:52 AM,"Curabitur gravida nisi at nibh. In hac habitasse platea dictumst. Aliquam augue quam, sollicitudin vitae, consectetuer eget, rutrum at, lorem.

Integer tincidunt ante vel ipsum. Praesent blandit lacinia erat. Vestibulum sed magna at nunc commodo placerat.

Praesent blandit. Nam nulla. Integer pede justo, lacinia eget, tincidunt eget, tempus vel, pede.",,,,,,,,,,,,,,,,,,,,,,,,,,,,,,,,,,,,,,,,d4992021-c7fe-4723-88d7-6662f0b4d2e8,"Dextromethorphan Hydrobromide, Guaifenesin",Jones Group,4.5,"In congue. Etiam justo. Etiam pretium iaculis justo.

In hac habitasse platea dictumst. Etiam faucibus cursus urna. Ut tellus."
4ad3308d-2997-4da3-a2e0-85962eea2a89,12/30/2044,6:58 AM,"Proin eu mi. Nulla ac enim. In tempor, turpis nec euismod scelerisque, quam turpis adipiscing lorem, vitae mattis nibh ligula nec sem.

Duis aliquam convallis nunc. Proin at turpis a pede posuere nonummy. Integer non velit.

Donec diam neque, vestibulum eget, vulputate ut, ultrices vel, augue. Vestibulum ante ipsum primis in faucibus orci luctus et ultrices posuere cubilia Curae; Donec pharetra, magna vestibulum aliquet ultrices, erat tortor sollicitudin mi, sit amet lobortis sapien sapien non mi. Integer ac neque.",,,,,,,,,,,,,,,,,,,,,,,,,,,,,,,,,,,,,,,,,,,,
8196692b-25ec-4913-9adf-c5a9d6dc9b6c,12/27/2044,1:20 PM,"Nulla ut erat id mauris vulputate elementum. Nullam varius. Nulla facilisi.

Cras non velit nec nisi vulputate nonummy. Maecenas tincidunt lacus at velit. Vivamus vel nulla eget eros elementum pellentesque.",,,,,,,,,,,,,,,,,,,,,,,,,,,,,,,,,,,,,,,,,,,,
2e634c89-8da9-47ce-8c87-a580f2d6bb03,12/26/2044,11:05 AM,Integer tincidunt ante vel ipsum. Praesent blandit lacinia erat. Vestibulum sed magna at nunc commodo placerat.,,,,,,,,,,,,,,,,,,,,,,,4c2e8009-66fa-460b-8194-9c47d24fd4be,Barret,Ferrarone,32 Independence Drive,Apt 390,906-596-2384,437-838-5780,12:44 AM,9:46 PM,a98ca96b-dd50-40dc-a238-159afff36a30,Elena,Brayshaw,758 Lake View Terrace,Room 1649,103-270-3250,1:27 AM,11:05 PM,368c3323-179d-4fd4-8293-9e5b2bc678cd,Hydrochlorothiazide,"Metz, Funk and Sipes",9.7,Suspendisse potenti. In eleifend quam a odio. In hac habitasse platea dictumst.
5e970987-e025-401e-ac97-987a0212988f,12/23/2044,4:29 PM,"Aenean fermentum. Donec ut mauris eget massa tempor convallis. Nulla neque libero, convallis eget, eleifend luctus, ultricies eu, nibh.

Quisque id justo sit amet sapien dignissim vestibulum. Vestibulum ante ipsum primis in faucibus orci luctus et ultrices posuere cubilia Curae; Nulla dapibus dolor vel est. Donec odio justo, sollicitudin ut, suscipit a, feugiat et, eros.

Vestibulum ac est lacinia nisi venenatis tristique. Fusce congue, diam id ornare imperdiet, sapien urna pretium nisl, ut volutpat sapien arcu sed augue. Aliquam erat volutpat.",,,,,,,,,,,,,,,,,,,,,,,,,,,,,,,,,,,,,,,,dd6cceb3-8d47-49b9-a293-63351491578c,"Aluminum hydroxide, Magnesium hydroxide, Simethicone","Ward, Fay and Koepp",3.9,Nulla ut erat id mauris vulputate elementum. Nullam varius. Nulla facilisi.
d41145cb-3676-459a-a51e-54bfc36adc67,12/22/2044,5:29 PM,"Curabitur at ipsum ac tellus semper interdum. Mauris ullamcorper purus sit amet nulla. Quisque arcu libero, rutrum ac, lobortis vel, dapibus at, diam.",,,,,,,,,,,,,,,,,,,,,,,,,,,,,,,,,,,,,,,,,,,,
3d9110db-f120-412c-947e-79b17431686a,12/20/2044,6:51 AM,Nulla ut erat id mauris vulputate elementum. Nullam varius. Nulla facilisi.,,,,,,,,,,,,,,,,,,01GR8W6HWQJNZEY72KF9D86QTJ,Hackett-Beier,6494 Roxbury Crossing,636-100-6846,ptroutbeck1@pen.io,5c4846dc-b8f6-40e9-90a0-248757fe5ed9,Sandy,Robottham,75 Washington Park,PO Box 55296,846-792-1954,234-670-8809,1:42 AM,9:46 PM,07650ae0-84a2-4b96-8d35-3d275bdb6914,Alfonso,Palser,235 Steensland Park,Apt 1725,445-818-8701,1:29 AM,11:12 PM,00703ed8-e782-48b8-ae44-d5707b173072,Erythromycin,Funk-Sporer,6.5,"Curabitur gravida nisi at nibh. In hac habitasse platea dictumst. Aliquam augue quam, sollicitudin vitae, consectetuer eget, rutrum at, lorem."
8093e198-c3c1-4406-8fb9-02267a15564f,12/17/2044,10:41 AM,"Proin eu mi. Nulla ac enim. In tempor, turpis nec euismod scelerisque, quam turpis adipiscing lorem, vitae mattis nibh ligula nec sem.",,,,,,,,,,,,,,,,,,,,,,,,,,,,,,,,,,,,,,,,9f0365c6-dbae-43ca-99af-23bdcd37a60f,Grippe-HP,McGlynn-Wyman,2,"Sed sagittis. Nam congue, risus semper porta volutpat, quam pede lobortis ligula, sit amet eleifend pede libero quis orci. Nullam molestie nibh in lectus."
6c87236d-73dd-454b-91e3-93b4388af9ce,12/14/2044,10:34 AM,Nulla ut erat id mauris vulputate elementum. Nullam varius. Nulla facilisi.,,,,,,,,,,,,,,,,,,,,,,,,,,,,,,,,,,,,,,,,60e33487-50b1-4f67-9775-211bc5167aa3,ALUMINUM ZIRCONIUM TRICHLOROHYDREX GLY,Gulgowski Group,6,"Cum sociis natoque penatibus et magnis dis parturient montes, nascetur ridiculus mus. Vivamus vestibulum sagittis sapien. Cum sociis natoque penatibus et magnis dis parturient montes, nascetur ridiculus mus."
93a19376-301c-445a-ac54-b3c214044e13,12/14/2044,2:03 PM,"Sed ante. Vivamus tortor. Duis mattis egestas metus.

Aenean fermentum. Donec ut mauris eget massa tempor convallis. Nulla neque libero, convallis eget, eleifend luctus, ultricies eu, nibh.

Quisque id justo sit amet sapien dignissim vestibulum. Vestibulum ante ipsum primis in faucibus orci luctus et ultrices posuere cubilia Curae; Nulla dapibus dolor vel est. Donec odio justo, sollicitudin ut, suscipit a, feugiat et, eros.",,,,,,,,,,,,,,,,,,,,,,,,,,,,,,,,,,,,,,,,e239f75e-19b3-4a6d-bb8a-01ab40ac4d2a,Melaleuca Pollen,"White, Weber and Hackett",8.3,"Maecenas leo odio, condimentum id, luctus nec, molestie sed, justo. Pellentesque viverra pede ac diam. Cras pellentesque volutpat dui."
83040068-35a1-4e63-a3f2-c25895c2476f,12/12/2044,10:00 AM,"Aenean fermentum. Donec ut mauris eget massa tempor convallis. Nulla neque libero, convallis eget, eleifend luctus, ultricies eu, nibh.",,,,,,,,,,,,,,,,,,01GR8W6HWSXWSBAXJSWFG6MX2B,Rohan Inc,174 Delaware Center,537-402-5142,gsmallpiece3@slideshare.net,734314e3-96bd-40a1-bb99-9c86c11d02b6,Cristy,Lingard,52 Bultman Plaza,Suite 64,857-622-7557,951-633-2551,12:35 AM,8:59 PM,5ea55572-84eb-4191-8098-36f76d2562ff,Dominique,Lighton,6174 Gale Street,Apt 1643,155-956-9438,1:56 AM,10:46 PM,d758486b-4b5b-4334-8ab0-71b48bd7bb67,"Eucalyptol, Menthol, Methyl Salicylate, Thymol","Hayes, Jerde and Kerluke",7.3,"Duis consequat dui nec nisi volutpat eleifend. Donec ut dolor. Morbi vel lectus in quam fringilla rhoncus.

Mauris enim leo, rhoncus sed, vestibulum sit amet, cursus id, turpis. Integer aliquet, massa id lobortis convallis, tortor risus dapibus augue, vel accumsan tellus nisi eu orci. Mauris lacinia sapien quis libero."
be96dfdd-031c-4153-bb57-08886e2983a3,12/12/2044,3:28 PM,"In hac habitasse platea dictumst. Etiam faucibus cursus urna. Ut tellus.

Nulla ut erat id mauris vulputate elementum. Nullam varius. Nulla facilisi.",,,,,,,,,,,,,,,,,,,,,,,,,,,,,,,,,,,,,,,,285253af-ab35-4f90-b87b-9078db9d97e1,"EUPATORIUM PERFOLIATUM FLOWERING TOP, EUPHRASIA STRICTA, GELSEMIUM SEMPERVIRENS ROOT, and POTASSIUM IODIDE",Kautzer-Purdy,1.4,In hac habitasse platea dictumst. Etiam faucibus cursus urna. Ut tellus.
53a513ff-ae8a-40ce-b5e7-082867aca3c7,12/11/2044,5:20 PM,"Duis bibendum. Morbi non quam nec dui luctus rutrum. Nulla tellus.

In sagittis dui vel nisl. Duis ac nibh. Fusce lacus purus, aliquet at, feugiat non, pretium quis, lectus.",,,,,,,,,,,,,,,,,,,,,,,,,,,,,,,,,,,,,,,,d6306c35-f459-4805-89de-e69a69022a9b,Air,Hartmann and Sons,6.2,Phasellus in felis. Donec semper sapien a libero. Nam dui.
082a623c-a4d0-4d9e-bcf5-100d1c1cd6fc,12/11/2044,1:32 PM,"Nam ultrices, libero non mattis pulvinar, nulla pede ullamcorper augue, a suscipit nulla elit ac nulla. Sed vel enim sit amet nunc viverra dapibus. Nulla suscipit ligula in lacus.

Curabitur at ipsum ac tellus semper interdum. Mauris ullamcorper purus sit amet nulla. Quisque arcu libero, rutrum ac, lobortis vel, dapibus at, diam.",,,,,,,,,,,,,,,,,,,,,,,,,,,,,,,,,,,,,,,,ffde64ba-e8f2-48ad-98b1-a06384c72765,Gabapentin,Kassulke-Feil,6.2,"In quis justo. Maecenas rhoncus aliquam lacus. Morbi quis tortor id nulla ultrices aliquet.

Maecenas leo odio, condimentum id, luctus nec, molestie sed, justo. Pellentesque viverra pede ac diam. Cras pellentesque volutpat dui."
b9ad29ab-d52b-43c6-a194-8dd9e2599078,12/11/2044,12:37 PM,"Curabitur gravida nisi at nibh. In hac habitasse platea dictumst. Aliquam augue quam, sollicitudin vitae, consectetuer eget, rutrum at, lorem.",,,,,,,,,,,,,,,,,,,,,,,,,,,,,,,,,,,,,,,,,,,,
ed979c08-a2e0-483c-ae2e-6d8f243b2a4a,12/10/2044,6:22 AM,"Fusce posuere felis sed lacus. Morbi sem mauris, laoreet ut, rhoncus aliquet, pulvinar sed, nisl. Nunc rhoncus dui vel sem.",,,,,,,,,,,,,,,,,,,,,,,,,,,,,,,,,,,,,,,,,,,,
c8fb58d3-6b20-4837-b721-a151add33ca9,12/8/2044,11:28 AM,"Phasellus in felis. Donec semper sapien a libero. Nam dui.

Proin leo odio, porttitor id, consequat in, consequat ut, nulla. Sed accumsan felis. Ut at dolor quis odio consequat varius.",,,,,,,,,,,,,,,,,,,,,,,,,,,,,,,,,,,,,,,,,,,,
e0c87dbd-fdec-4d14-8a7d-3f66a7bff865,12/7/2044,7:12 PM,"In congue. Etiam justo. Etiam pretium iaculis justo.

In hac habitasse platea dictumst. Etiam faucibus cursus urna. Ut tellus.",,,,,,,,,,,,,,,,,,,,,,,,,,,,,,,,,,,,,,,,070e7667-bf54-4426-9ea5-81351128b01d,"Homosalate, Octinoxate, Octisalate, Titanium Dioxide","Bosco, McGlynn and Okuneva",2.5,"Etiam vel augue. Vestibulum rutrum rutrum neque. Aenean auctor gravida sem.

Praesent id massa id nisl venenatis lacinia. Aenean sit amet justo. Morbi ut odio."
32476481-9d8e-4d69-b95a-8626ce84cbcb,12/7/2044,12:27 PM,"Quisque porta volutpat erat. Quisque erat eros, viverra eget, congue eget, semper rutrum, nulla. Nunc purus.

Phasellus in felis. Donec semper sapien a libero. Nam dui.

Proin leo odio, porttitor id, consequat in, consequat ut, nulla. Sed accumsan felis. Ut at dolor quis odio consequat varius.",,,,,,,,,,,,,,,,,,,,,,,02babae6-a882-4d0d-90db-127e31c94285,Arley,Chastenet,88663 Warbler Trail,Room 629,981-181-6509,985-795-0660,12:52 AM,8:42 PM,a7ad391f-c58d-4f01-8663-393cffd04021,Sherye,Bartali,935 Talmadge Junction,20th Floor,901-999-5298,1:49 AM,10:20 PM,8e9a81f8-03c1-4598-bbdf-67c318a93417,BENZALKONIUM CHLORIDE,"Rohan, Thiel and Schuster",2,Phasellus sit amet erat. Nulla tempus. Vivamus in felis eu sapien cursus vestibulum.
0723f569-da18-492d-bd6c-4ec0185fd056,12/7/2044,7:15 PM,"Proin interdum mauris non ligula pellentesque ultrices. Phasellus id sapien in sapien iaculis congue. Vivamus metus arcu, adipiscing molestie, hendrerit at, vulputate vitae, nisl.

Aenean lectus. Pellentesque eget nunc. Donec quis orci eget orci vehicula condimentum.

Curabitur in libero ut massa volutpat convallis. Morbi odio odio, elementum eu, interdum eu, tincidunt in, leo. Maecenas pulvinar lobortis est.",,,,,,,,,,,,,,,,,,,,,,,,,,,,,,,,,,,,,,,,59140bec-fd67-4836-b570-58c9493efd58,pioglitazone hydrochloride,"Herzog, Robel and Will",5.6,Phasellus in felis. Donec semper sapien a libero. Nam dui.
631fe4d1-11f6-4220-b6be-2036a9bdf1a9,12/7/2044,10:23 AM,"Vestibulum ac est lacinia nisi venenatis tristique. Fusce congue, diam id ornare imperdiet, sapien urna pretium nisl, ut volutpat sapien arcu sed augue. Aliquam erat volutpat.

In congue. Etiam justo. Etiam pretium iaculis justo.",,,,,,,,,,,,,,,,,,,,,,,,,,,,,,,,,,,,,,,,c3f4f79f-4424-4e77-8e95-89524222b756,Neomycin and Polymyxin B Sulfates,Farrell-Ferry,9.5,"Mauris enim leo, rhoncus sed, vestibulum sit amet, cursus id, turpis. Integer aliquet, massa id lobortis convallis, tortor risus dapibus augue, vel accumsan tellus nisi eu orci. Mauris lacinia sapien quis libero.

Nullam sit amet turpis elementum ligula vehicula consequat. Morbi a ipsum. Integer a nibh."
2d778cc2-7941-4907-bc86-a5a0d60dce7c,12/6/2044,9:20 AM,"Vestibulum ac est lacinia nisi venenatis tristique. Fusce congue, diam id ornare imperdiet, sapien urna pretium nisl, ut volutpat sapien arcu sed augue. Aliquam erat volutpat.",,,,,,,,,,,,,,,,,,,,,,,,,,,,,,,,,,,,,,,,24a13ece-6e31-45dd-a0a0-ff10f9bb2b2f,peg-3350 and electrolytes,"Boehm, Daugherty and Hegmann",2.6,"Curabitur in libero ut massa volutpat convallis. Morbi odio odio, elementum eu, interdum eu, tincidunt in, leo. Maecenas pulvinar lobortis est.

Phasellus sit amet erat. Nulla tempus. Vivamus in felis eu sapien cursus vestibulum.

Proin eu mi. Nulla ac enim. In tempor, turpis nec euismod scelerisque, quam turpis adipiscing lorem, vitae mattis nibh ligula nec sem."
e916580f-8a67-418e-a641-dce0db57bf5d,12/5/2044,11:26 AM,"Vestibulum quam sapien, varius ut, blandit non, interdum in, ante. Vestibulum ante ipsum primis in faucibus orci luctus et ultrices posuere cubilia Curae; Duis faucibus accumsan odio. Curabitur convallis.",,,,,,,,,,,,,,,,,,,,,,,,,,,,,,,,,,,,,,,,c18bdc2b-1508-41ad-9449-5826e904a24e,Menthol,Wolff Group,1.9,"Integer tincidunt ante vel ipsum. Praesent blandit lacinia erat. Vestibulum sed magna at nunc commodo placerat.

Praesent blandit. Nam nulla. Integer pede justo, lacinia eget, tincidunt eget, tempus vel, pede."
3bf7cc4d-f85a-4bfb-9501-61708e456fad,12/2/2044,8:14 AM,"Proin interdum mauris non ligula pellentesque ultrices. Phasellus id sapien in sapien iaculis congue. Vivamus metus arcu, adipiscing molestie, hendrerit at, vulputate vitae, nisl.

Aenean lectus. Pellentesque eget nunc. Donec quis orci eget orci vehicula condimentum.",,,,,,,,,,,,,,,,,,01GR8W6HWVFCVSFPPSNSKB26T4,"Mosciski, Strosin and Leannon",8 Fieldstone Crossing,652-242-4592,jtildesley4@va.gov,a04a915e-a762-4ea2-8cc1-524c77de6098,Staffard,Robertsen,7 Shelley Road,Apt 832,191-813-7303,777-198-9467,12:19 AM,8:04 PM,81fe46d9-eac3-4535-bab5-a48646f02a5d,Brett,Durrett,2 Badeau Place,Room 1222,956-537-1240,1:55 AM,10:34 PM,21fbe1b9-fb7c-4074-bd15-e20820b83600,Polyethylene Glycol-3350 and Electrolytes,Weber-Casper,1,"Duis consequat dui nec nisi volutpat eleifend. Donec ut dolor. Morbi vel lectus in quam fringilla rhoncus.

Mauris enim leo, rhoncus sed, vestibulum sit amet, cursus id, turpis. Integer aliquet, massa id lobortis convallis, tortor risus dapibus augue, vel accumsan tellus nisi eu orci. Mauris lacinia sapien quis libero.

Nullam sit amet turpis elementum ligula vehicula consequat. Morbi a ipsum. Integer a nibh."
aa781f3c-cc36-44b9-b583-b7d6027b1006,12/1/2044,10:01 AM,"Quisque porta volutpat erat. Quisque erat eros, viverra eget, congue eget, semper rutrum, nulla. Nunc purus.

Phasellus in felis. Donec semper sapien a libero. Nam dui.",,,,,,,,,,,,,,,,,,,,,,,,,,,,,,,,,,,,,,,,652077b0-0bc9-401a-9de2-71d0503457de,Dry Scalp,Greenholt Inc,9.6,"Phasellus in felis. Donec semper sapien a libero. Nam dui.

Proin leo odio, porttitor id, consequat in, consequat ut, nulla. Sed accumsan felis. Ut at dolor quis odio consequat varius.

Integer ac leo. Pellentesque ultrices mattis odio. Donec vitae nisi."
e5a5aa0e-1f23-4af2-91dc-df13c5f167f9,11/30/2044,10:24 AM,"Curabitur gravida nisi at nibh. In hac habitasse platea dictumst. Aliquam augue quam, sollicitudin vitae, consectetuer eget, rutrum at, lorem.

Integer tincidunt ante vel ipsum. Praesent blandit lacinia erat. Vestibulum sed magna at nunc commodo placerat.

Praesent blandit. Nam nulla. Integer pede justo, lacinia eget, tincidunt eget, tempus vel, pede.",,,,,,,,,,,,,,,,,,,,,,,,,,,,,,,,,,,,,,,,,,,,
b6003aad-6ab2-4d63-a1c9-3bc36e06148f,11/29/2044,8:47 AM,"Cras non velit nec nisi vulputate nonummy. Maecenas tincidunt lacus at velit. Vivamus vel nulla eget eros elementum pellentesque.

Quisque porta volutpat erat. Quisque erat eros, viverra eget, congue eget, semper rutrum, nulla. Nunc purus.",,,,,,,,,,,,,,,,,,,,,,,,,,,,,,,,,,,,,,,,,,,,
a6329e43-2c65-4a3b-b5c3-7e4da61f3da0,11/29/2044,11:51 AM,"Etiam vel augue. Vestibulum rutrum rutrum neque. Aenean auctor gravida sem.

Praesent id massa id nisl venenatis lacinia. Aenean sit amet justo. Morbi ut odio.

Cras mi pede, malesuada in, imperdiet et, commodo vulputate, justo. In blandit ultrices enim. Lorem ipsum dolor sit amet, consectetuer adipiscing elit.",,,,,,,,,,,,,,,,,,,,,,,,,,,,,,,,,,,,,,,,,,,,
d2c666ef-568f-49c9-9721-e22534f9114b,11/24/2044,1:37 PM,"Donec diam neque, vestibulum eget, vulputate ut, ultrices vel, augue. Vestibulum ante ipsum primis in faucibus orci luctus et ultrices posuere cubilia Curae; Donec pharetra, magna vestibulum aliquet ultrices, erat tortor sollicitudin mi, sit amet lobortis sapien sapien non mi. Integer ac neque.

Duis bibendum. Morbi non quam nec dui luctus rutrum. Nulla tellus.",,,,,,,,,,,,,,,,,,,,,,,,,,,,,,,,,,,,,,,,3ae985cd-5e3a-4ebb-8959-b0e054013543,AMMONIA N-13,Dickinson-Wiegand,5.7,"Nam ultrices, libero non mattis pulvinar, nulla pede ullamcorper augue, a suscipit nulla elit ac nulla. Sed vel enim sit amet nunc viverra dapibus. Nulla suscipit ligula in lacus.

Curabitur at ipsum ac tellus semper interdum. Mauris ullamcorper purus sit amet nulla. Quisque arcu libero, rutrum ac, lobortis vel, dapibus at, diam."
4c8602c6-f1e6-49d6-850e-eb6e34f52fc6,11/21/2044,8:24 PM,"In quis justo. Maecenas rhoncus aliquam lacus. Morbi quis tortor id nulla ultrices aliquet.

Maecenas leo odio, condimentum id, luctus nec, molestie sed, justo. Pellentesque viverra pede ac diam. Cras pellentesque volutpat dui.",,,,,,,,,,,,,,,,,,,,,,,,,,,,,,,,,,,,,,,,97ad24b3-61b4-4027-9407-05d408c64c4e,Naproxen Sodium,Barton-Hirthe,9.4,"Maecenas tristique, est et tempus semper, est quam pharetra magna, ac consequat metus sapien ut nunc. Vestibulum ante ipsum primis in faucibus orci luctus et ultrices posuere cubilia Curae; Mauris viverra diam vitae quam. Suspendisse potenti.

Nullam porttitor lacus at turpis. Donec posuere metus vitae ipsum. Aliquam non mauris."
02f7a08f-1e3c-4101-b2eb-76f567ffab71,11/21/2044,8:43 PM,"Duis aliquam convallis nunc. Proin at turpis a pede posuere nonummy. Integer non velit.

Donec diam neque, vestibulum eget, vulputate ut, ultrices vel, augue. Vestibulum ante ipsum primis in faucibus orci luctus et ultrices posuere cubilia Curae; Donec pharetra, magna vestibulum aliquet ultrices, erat tortor sollicitudin mi, sit amet lobortis sapien sapien non mi. Integer ac neque.

Duis bibendum. Morbi non quam nec dui luctus rutrum. Nulla tellus.",,,,,,,,,,,,,,,,,,,,,,,,,,,,,,,,,,,,,,,,,,,,
8ed065fc-817e-4668-8f0a-5daeef72c36d,11/19/2044,7:52 PM,"Morbi non lectus. Aliquam sit amet diam in magna bibendum imperdiet. Nullam orci pede, venenatis non, sodales sed, tincidunt eu, felis.",,,,,,,,,,,,,,,,,,,,,,,,,,,,,,,,,,,,,,,,,,,,
0758e9f6-41ad-4878-9528-9ac9e33161f4,11/19/2044,5:32 PM,"Cum sociis natoque penatibus et magnis dis parturient montes, nascetur ridiculus mus. Vivamus vestibulum sagittis sapien. Cum sociis natoque penatibus et magnis dis parturient montes, nascetur ridiculus mus.

Etiam vel augue. Vestibulum rutrum rutrum neque. Aenean auctor gravida sem.",,,,,,,,,,,,,,,,,,,,,,,,,,,,,,,,,,,,,,,,d973f5a3-7044-49cc-ac87-01f25b3968c7,cetirizine hydrochloride,O'Hara LLC,6.6,"Integer tincidunt ante vel ipsum. Praesent blandit lacinia erat. Vestibulum sed magna at nunc commodo placerat.

Praesent blandit. Nam nulla. Integer pede justo, lacinia eget, tincidunt eget, tempus vel, pede.

Morbi porttitor lorem id ligula. Suspendisse ornare consequat lectus. In est risus, auctor sed, tristique in, tempus sit amet, sem."
f14679f2-3947-495c-9d43-1d1eda934316,11/17/2044,2:27 PM,"In congue. Etiam justo. Etiam pretium iaculis justo.

In hac habitasse platea dictumst. Etiam faucibus cursus urna. Ut tellus.

Nulla ut erat id mauris vulputate elementum. Nullam varius. Nulla facilisi.",,,,,,,,,,,,,,,,,,,,,,,,,,,,,,,,,,,,,,,,c17fc60e-9e93-4b6c-b601-2e870d33ada9,sumatriptan succinate,"Pouros, Schamberger and Barton",6.2,"Morbi non lectus. Aliquam sit amet diam in magna bibendum imperdiet. Nullam orci pede, venenatis non, sodales sed, tincidunt eu, felis.

Fusce posuere felis sed lacus. Morbi sem mauris, laoreet ut, rhoncus aliquet, pulvinar sed, nisl. Nunc rhoncus dui vel sem.

Sed sagittis. Nam congue, risus semper porta volutpat, quam pede lobortis ligula, sit amet eleifend pede libero quis orci. Nullam molestie nibh in lectus."
c9331773-66e0-4ebe-b370-6a93a7b73731,11/16/2044,5:31 PM,"Maecenas tristique, est et tempus semper, est quam pharetra magna, ac consequat metus sapien ut nunc. Vestibulum ante ipsum primis in faucibus orci luctus et ultrices posuere cubilia Curae; Mauris viverra diam vitae quam. Suspendisse potenti.",,,,,,,,,,,,,,,,,,,,,,,4c2e8009-66fa-460b-8194-9c47d24fd4be,Barret,Ferrarone,32 Independence Drive,Apt 390,906-596-2384,437-838-5780,12:44 AM,9:46 PM,2083cefe-a24f-48b4-8898-a5746327df29,Bell,Edmead,97142 Bayside Point,Apt 946,143-720-6495,1:39 AM,11:23 PM,5a632cc6-a4f1-4580-868c-681ef8ee7672,Citric Acid and Sodium Citrate,"Gerlach, Keeling and Fritsch",1.9,Fusce consequat. Nulla nisl. Nunc nisl.
f6e8acd6-96e2-4826-b847-17d9f4c547a3,11/14/2044,1:53 PM,"Sed ante. Vivamus tortor. Duis mattis egestas metus.

Aenean fermentum. Donec ut mauris eget massa tempor convallis. Nulla neque libero, convallis eget, eleifend luctus, ultricies eu, nibh.",,,,,,,,,,,,,,,,,,,,,,,,,,,,,,,,,,,,,,,,f12d64fb-d95e-4248-a25c-5e8fdb0f7d4e,Glycerin,Moen LLC,4.1,"Donec diam neque, vestibulum eget, vulputate ut, ultrices vel, augue. Vestibulum ante ipsum primis in faucibus orci luctus et ultrices posuere cubilia Curae; Donec pharetra, magna vestibulum aliquet ultrices, erat tortor sollicitudin mi, sit amet lobortis sapien sapien non mi. Integer ac neque.

Duis bibendum. Morbi non quam nec dui luctus rutrum. Nulla tellus."
697e41cd-3abd-4a49-b49b-f6554dfbe7bd,11/11/2044,5:48 PM,Nulla ut erat id mauris vulputate elementum. Nullam varius. Nulla facilisi.,,,,,,,,,,,,,,,,,,,,,,,,,,,,,,,,,,,,,,,,470e8e71-fecd-4fbe-88f1-0ccf36f9b533,Agnus castus e sem. 4,Pacocha-Howe,5.3,"Fusce posuere felis sed lacus. Morbi sem mauris, laoreet ut, rhoncus aliquet, pulvinar sed, nisl. Nunc rhoncus dui vel sem.

Sed sagittis. Nam congue, risus semper porta volutpat, quam pede lobortis ligula, sit amet eleifend pede libero quis orci. Nullam molestie nibh in lectus."
2c4c1778-abbd-4edc-bb7a-450076307691,11/6/2044,2:01 PM,"Duis consequat dui nec nisi volutpat eleifend. Donec ut dolor. Morbi vel lectus in quam fringilla rhoncus.

Mauris enim leo, rhoncus sed, vestibulum sit amet, cursus id, turpis. Integer aliquet, massa id lobortis convallis, tortor risus dapibus augue, vel accumsan tellus nisi eu orci. Mauris lacinia sapien quis libero.

Nullam sit amet turpis elementum ligula vehicula consequat. Morbi a ipsum. Integer a nibh.",,,,,,,,,,,,,,,,,,,,,,,,,,,,,,,,,,,,,,,,ec619620-13b5-4e59-befd-e537f44e0fec,SENNA,"Ondricka, Hirthe and Maggio",1.6,"Aenean fermentum. Donec ut mauris eget massa tempor convallis. Nulla neque libero, convallis eget, eleifend luctus, ultricies eu, nibh.

Quisque id justo sit amet sapien dignissim vestibulum. Vestibulum ante ipsum primis in faucibus orci luctus et ultrices posuere cubilia Curae; Nulla dapibus dolor vel est. Donec odio justo, sollicitudin ut, suscipit a, feugiat et, eros."
ba7c5609-a2b4-44f2-9ce4-185cdd910712,11/4/2044,6:07 PM,"Integer tincidunt ante vel ipsum. Praesent blandit lacinia erat. Vestibulum sed magna at nunc commodo placerat.

Praesent blandit. Nam nulla. Integer pede justo, lacinia eget, tincidunt eget, tempus vel, pede.

Morbi porttitor lorem id ligula. Suspendisse ornare consequat lectus. In est risus, auctor sed, tristique in, tempus sit amet, sem.",,,,,,,,,,,,,,,,,,,,,,,,,,,,,,,,,,,,,,,,84dada6b-915d-4b45-95cd-e8b550ec6b69,Aspirin,"Watsica, Hettinger and Sipes",8.8,"In sagittis dui vel nisl. Duis ac nibh. Fusce lacus purus, aliquet at, feugiat non, pretium quis, lectus.

Suspendisse potenti. In eleifend quam a odio. In hac habitasse platea dictumst."